Bil,No. Kod Daerah Mengundi,Nama Pusat Mengundi,Nombor Tempat Mengundi (saluran),Jumlah kertas undi yang patut berada di dalam peti undi (A),Bilangan undian oleh pemilih bagi setiap orang calon yang bertanding(B) DATUK HUSAM,Bilangan undian oleh pemilih bagi setiap orang calon yang bertanding(B) USTAZ FADHLI SHAARI,Bilangan undian oleh pemilih bagi setiap orang calon yang bertanding(B) DATO GHANI,Bilangan undian oleh pemilih bagi setiap orang calon yang bertanding(B) NASRUL ALI HASAN,Bilangan undian oleh pemilih bagi setiap orang calon yang bertanding(B) Jumlah undian oleh pemilih,Bilangan kertas undi yang ditolak(C),Jumlah kertas undi yang dikeluarkan kepada pengundi tetapi tidak dimasukkan ke dalam peti undi(D)
1,UNDI POS,,,2071,143,1177,416,11,1747,154,170
2,UNDI AWAL 022/11/00,BILIK MAKLUMAT BALAI POLIS BUNUT SUSU,1,11,0,0,11,0,11,0,0
3,UNDI AWAL 022/12/00,BILIK MESYUARAT (BAHAGIAN SIASATAN DAN PENGUATKUASAAN TRAFIK) IPD PASIR MAS,1,61,3,19,39,0,61,0,0
4,UNDI AWAL 022/13/00,BILIK PENERANGAN BALAI POLIS BAKONG,1,29,4,11,14,0,29,0,0
5,PANGKAL KALA 022/11/01,SEKOLAH KEBANGSAAN PANGKAL KALA,1,291,19,159,108,2,288,3,0
5,PANGKAL KALA 022/11/01,SEKOLAH KEBANGSAAN PANGKAL KALA,2,479,27,312,131,3,473,6,0
5,PANGKAL KALA 022/11/01,SEKOLAH KEBANGSAAN PANGKAL KALA,3,423,28,301,81,3,413,10,0
5,PANGKAL KALA 022/11/01,SEKOLAH KEBANGSAAN PANGKAL KALA,4,482,25,350,104,2,481,1,0
6,BECHAH SEMAK 022/11/02,SEKOLAH KEBANGSAAN PENGGU,1,292,19,166,94,9,288,4,0
6,BECHAH SEMAK 022/11/02,SEKOLAH KEBANGSAAN PENGGU,2,341,23,200,102,5,330,11,0
6,BECHAH SEMAK 022/11/02,SEKOLAH KEBANGSAAN PENGGU,3,459,35,320,91,3,449,10,0
6,BECHAH SEMAK 022/11/02,SEKOLAH KEBANGSAAN PENGGU,4,416,28,286,87,3,404,12,0
6,BECHAH SEMAK 022/11/02,SEKOLAH KEBANGSAAN PENGGU,5,484,40,346,92,3,481,3,0
"HELAIAN MATA (SCORE SHEET)                                                        (BORANG SPR 760 Pin. 1/99) BAHAGIAN PILIHAN RAYA NEGERI: P.022 PASIR MAS
JUMLAH PEMILIH: 94,544                                                                                                                                                                                               MUKASURAT: 2/10",BECHAH SEMAK 022/11/02,SEKOLAH KEBANGSAAN PENGGU,5,484,40,346,92,3,481,3,0
Bil,No. Kod Daerah Mengundi,Nama Pusat Mengundi,Nombor Tempat Mengundi (saluran),Jumlah kertas undi yang patut berada di dalam peti undi (A),"Bilangan undian oleh pemilih bagi setiap orang calon yang bertanding
(B)",346,92,3,481,"Bilangan kertas undi yang ditolak
(C)","Jumlah kertas undi yang dikeluarkan kepada pengundi tetapi tidak dimasukkan ke dalam peti undi
(D)"
Bil,No. Kod Daerah Mengundi,Nama Pusat Mengundi,Nombor Tempat Mengundi (saluran),Jumlah kertas undi yang patut berada di dalam peti undi (A),DATUK HUSAM,USTAZ FADHLI SHAARI,DATO GHANI,NASRUL ALI HASAN,Jumlah undian oleh pemilih,"Bilangan kertas undi yang ditolak
(C)","Jumlah kertas undi yang dikeluarkan kepada pengundi tetapi tidak dimasukkan ke dalam peti undi
(D)"
7,TELIAR 022/11/03,SEKOLAH MENENGAH KEBANGSAAN BUNUT SUSU,1,298,18,150,123,0,291,7,0
7,TELIAR 022/11/03,SEKOLAH MENENGAH KEBANGSAAN BUNUT SUSU,2,447,37,277,127,1,442,5,0
7,TELIAR 022/11/03,SEKOLAH MENENGAH KEBANGSAAN BUNUT SUSU,3,399,26,266,102,4,398,1,0
7,TELIAR 022/11/03,SEKOLAH MENENGAH KEBANGSAAN BUNUT SUSU,4,463,27,323,111,1,462,1,0
8,BECHAH MENERONG 022/11/04,SEKOLAH KEBANGSAAN BUNUT SUSU,1,330,19,176,132,0,327,3,0
8,BECHAH MENERONG 022/11/04,SEKOLAH KEBANGSAAN BUNUT SUSU,2,424,37,277,103,2,419,5,0
8,BECHAH MENERONG 022/11/04,SEKOLAH KEBANGSAAN BUNUT SUSU,3,412,33,268,105,4,410,2,0
9,BUNUT SUSU 022/11/05,SEKOLAH KEBANGSAAN BUNUT SUSU,4,299,29,154,104,6,293,6,0
9,BUNUT SUSU 022/11/05,SEKOLAH KEBANGSAAN BUNUT SUSU,5,440,50,269,109,4,432,8,0
9,BUNUT SUSU 022/11/05,SEKOLAH KEBANGSAAN BUNUT SUSU,6,391,32,289,65,1,387,4,0
9,BUNUT SUSU 022/11/05,SEKOLAH KEBANGSAAN BUNUT SUSU,7,485,66,319,93,3,481,4,0
10,BECHAH DURIAN 022/11/06,SEKOLAH KEBANGSAAN BECHAH DURIAN,1,348,26,216,99,2,343,5,0
10,BECHAH DURIAN 022/11/06,SEKOLAH KEBANGSAAN BECHAH DURIAN,2,320,16,219,81,4,320,0,0
10,BECHAH DURIAN 022/11/06,SEKOLAH KEBANGSAAN BECHAH DURIAN,3,386,43,251,91,1,386,0,0
11,PADANG EMBON 022/11/07,SMU (A) AL-ULUM  PADANG EMBUN,1,343,31,209,85,8,333,10,0
11,PADANG EMBON 022/11/07,SMU (A) AL-ULUM  PADANG EMBUN,2,470,43,334,84,4,465,5,0
11,PADANG EMBON 022/11/07,SMU (A) AL-ULUM  PADANG EMBUN,3,453,28,339,69,14,450,3,0
11,PADANG EMBON 022/11/07,SMU (A) AL-ULUM  PADANG EMBUN,4,500,36,397,58,5,496,4,0
12,KAMPUNG PALOH 022/11/08,SEKOLAH MENENGAH KEBANGSAAN TENDONG,1,346,28,223,80,6,337,9,0
12,KAMPUNG PALOH 022/11/08,SEKOLAH MENENGAH KEBANGSAAN TENDONG,2,481,44,346,80,8,478,3,0
12,KAMPUNG PALOH 022/11/08,SEKOLAH MENENGAH KEBANGSAAN TENDONG,3,552,47,383,111,10,551,1,0
"HELAIAN MATA (SCORE SHEET)                                                        (BORANG SPR 760 Pin. 1/99) BAHAGIAN PILIHAN RAYA NEGERI: P.022 PASIR MAS
JUMLAH PEMILIH: 94,544                                                                                                                                                                                               MUKASURAT: 3/10",KAMPUNG PALOH 022/11/08,SEKOLAH MENENGAH KEBANGSAAN TENDONG,3,552,47,383,111,10,551,1,0
Bil,No. Kod Daerah Mengundi,Nama Pusat Mengundi,Nombor Tempat Mengundi (saluran),Jumlah kertas undi yang patut berada di dalam peti undi (A),"Bilangan undian oleh pemilih bagi setiap orang calon yang bertanding
(B)",383,111,10,551,"Bilangan kertas undi yang ditolak
(C)","Jumlah kertas undi yang dikeluarkan kepada pengundi tetapi tidak dimasukkan ke dalam peti undi
(D)"
Bil,No. Kod Daerah Mengundi,Nama Pusat Mengundi,Nombor Tempat Mengundi (saluran),Jumlah kertas undi yang patut berada di dalam peti undi (A),DATUK HUSAM,USTAZ FADHLI SHAARI,DATO GHANI,NASRUL ALI HASAN,Jumlah undian oleh pemilih,"Bilangan kertas undi yang ditolak
(C)","Jumlah kertas undi yang dikeluarkan kepada pengundi tetapi tidak dimasukkan ke dalam peti undi
(D)"
13,HUTAN CHENGAL 022/11/09,KOLEJ VOKASIONAL PASIR MAS,1,339,27,180,116,5,328,11,0
13,HUTAN CHENGAL 022/11/09,KOLEJ VOKASIONAL PASIR MAS,2,389,40,244,94,5,383,6,0
13,HUTAN CHENGAL 022/11/09,KOLEJ VOKASIONAL PASIR MAS,3,344,41,229,70,3,343,1,0
13,HUTAN CHENGAL 022/11/09,KOLEJ VOKASIONAL PASIR MAS,4,404,45,266,87,5,403,1,0
14,KUBANG SEPAT 022/11/10,SEKOLAH KEBANGSAAN TANJONG BUNGA,1,287,16,131,130,5,282,5,0
14,KUBANG SEPAT 022/11/10,SEKOLAH KEBANGSAAN TANJONG BUNGA,2,330,22,201,100,2,325,5,0
14,KUBANG SEPAT 022/11/10,SEKOLAH KEBANGSAAN TANJONG BUNGA,3,355,26,219,103,3,351,4,0
15,"KAMPUNG HUTAN PASIR
022/11/11",SEKOLAH MENENGAH KEBANGSAAN TANJONG BUNGA,1,332,26,189,107,4,326,6,0
15,"KAMPUNG HUTAN PASIR
022/11/11",SEKOLAH MENENGAH KEBANGSAAN TANJONG BUNGA,2,329,37,199,83,9,328,1,0
15,"KAMPUNG HUTAN PASIR
022/11/11",SEKOLAH MENENGAH KEBANGSAAN TANJONG BUNGA,3,369,28,266,59,9,362,7,0
15,"KAMPUNG HUTAN PASIR
022/11/11",SEKOLAH MENENGAH KEBANGSAAN TANJONG BUNGA,4,356,44,235,70,5,354,2,0
15,"KAMPUNG HUTAN PASIR
022/11/11",SEKOLAH MENENGAH KEBANGSAAN TANJONG BUNGA,5,398,58,254,80,4,396,2,0
16,TENDONG 022/11/12,SEKOLAH KEBANGSAAN OTHMAN TALIB (1),1,326,59,155,104,3,321,5,0
16,TENDONG 022/11/12,SEKOLAH KEBANGSAAN OTHMAN TALIB (1),2,365,64,193,98,7,362,3,0
16,TENDONG 022/11/12,SEKOLAH KEBANGSAAN OTHMAN TALIB (1),3,450,75,268,95,7,445,5,0
16,TENDONG 022/11/12,SEKOLAH KEBANGSAAN OTHMAN TALIB (1),4,385,51,241,79,8,379,6,0
16,TENDONG 022/11/12,SEKOLAH KEBANGSAAN OTHMAN TALIB (1),5,395,47,273,67,5,392,3,0
16,TENDONG 022/11/12,SEKOLAH KEBANGSAAN OTHMAN TALIB (1),6,418,69,270,72,5,416,2,0
16,TENDONG 022/11/12,SEKOLAH KEBANGSAAN OTHMAN TALIB (1),7,508,65,340,94,8,507,1,0
17,KEDONDONG 022/11/13,SEKOLAH MENENGAH KEBANGSAAN KEDONDONG,1,296,10,168,114,1,293,3,0
17,KEDONDONG 022/11/13,SEKOLAH MENENGAH KEBANGSAAN KEDONDONG,2,332,10,216,103,0,329,3,0
"HELAIAN MATA (SCORE SHEET)                                                        (BORANG SPR 760 Pin. 1/99) BAHAGIAN PILIHAN RAYA NEGERI: P.022 PASIR MAS
JUMLAH PEMILIH: 94,544                                                                                                                                                                                               MUKASURAT: 4/10",KEDONDONG 022/11/13,SEKOLAH MENENGAH KEBANGSAAN KEDONDONG,2,332,10,216,103,0,329,3,0
Bil,No. Kod Daerah Mengundi,Nama Pusat Mengundi,Nombor Tempat Mengundi (saluran),Jumlah kertas undi yang patut berada di dalam peti undi (A),"Bilangan undian oleh pemilih bagi setiap orang calon yang bertanding
(B)",216,103,0,329,"Bilangan kertas undi yang ditolak
(C)","Jumlah kertas undi yang dikeluarkan kepada pengundi tetapi tidak dimasukkan ke dalam peti undi
(D)"
Bil,No. Kod Daerah Mengundi,Nama Pusat Mengundi,Nombor Tempat Mengundi (saluran),Jumlah kertas undi yang patut berada di dalam peti undi (A),DATUK HUSAM,USTAZ FADHLI SHAARI,DATO GHANI,NASRUL ALI HASAN,Jumlah undian oleh pemilih,"Bilangan kertas undi yang ditolak
(C)","Jumlah kertas undi yang dikeluarkan kepada pengundi tetapi tidak dimasukkan ke dalam peti undi
(D)"
18,KAMPUNG CHAT 022/11/14,SEKOLAH KEBANGSAAN GELANG MAS,1,318,14,188,106,3,311,7,0
18,KAMPUNG CHAT 022/11/14,SEKOLAH KEBANGSAAN GELANG MAS,2,343,20,216,96,2,334,9,0
18,KAMPUNG CHAT 022/11/14,SEKOLAH KEBANGSAAN GELANG MAS,3,433,29,271,124,3,427,6,0
18,KAMPUNG CHAT 022/11/14,SEKOLAH KEBANGSAAN GELANG MAS,4,392,23,257,106,2,388,4,0
18,KAMPUNG CHAT 022/11/14,SEKOLAH KEBANGSAAN GELANG MAS,5,405,22,285,95,0,402,3,0
18,KAMPUNG CHAT 022/11/14,SEKOLAH KEBANGSAAN GELANG MAS,6,483,36,330,114,1,481,2,0
19,SAKAR 022/12/01,SEKOLAH KEBANGSAAN MEKASAR,1,295,38,174,70,2,284,11,0
19,SAKAR 022/12/01,SEKOLAH KEBANGSAAN MEKASAR,2,321,63,207,47,2,319,2,0
19,SAKAR 022/12/01,SEKOLAH KEBANGSAAN MEKASAR,3,470,70,323,68,3,464,5,1
19,SAKAR 022/12/01,SEKOLAH KEBANGSAAN MEKASAR,4,494,50,363,73,5,491,3,0
20,KUBANG BADAK 022/12/02,SEKOLAH MENENGAH KEBANGSAAN KAMPUNG DANGAR,1,290,26,174,84,2,286,4,0
20,KUBANG BADAK 022/12/02,SEKOLAH MENENGAH KEBANGSAAN KAMPUNG DANGAR,2,324,31,209,76,2,318,6,0
20,KUBANG BADAK 022/12/02,SEKOLAH MENENGAH KEBANGSAAN KAMPUNG DANGAR,3,395,24,299,65,4,392,3,0
20,KUBANG BADAK 022/12/02,SEKOLAH MENENGAH KEBANGSAAN KAMPUNG DANGAR,4,403,38,289,73,3,403,0,0
20,KUBANG BADAK 022/12/02,SEKOLAH MENENGAH KEBANGSAAN KAMPUNG DANGAR,5,497,44,374,76,2,496,1,0
"HELAIAN MATA (SCORE SHEET)                                                        (BORANG SPR 760 Pin. 1/99) BAHAGIAN PILIHAN RAYA NEGERI: P.022 PASIR MAS
JUMLAH PEMILIH: 94,544                                                                                                                                                                                               MUKASURAT: 5/10",KUBANG BADAK 022/12/02,SEKOLAH MENENGAH KEBANGSAAN KAMPUNG DANGAR,5,497,44,374,76,2,496,1,0
Bil,No. Kod Daerah Mengundi,Nama Pusat Mengundi,Nombor Tempat Mengundi (saluran),Jumlah kertas undi yang patut berada di dalam peti undi (A),"Bilangan undian oleh pemilih bagi setiap orang calon yang bertanding
(B)",374,76,2,496,"Bilangan kertas undi yang ditolak
(C)","Jumlah kertas undi yang dikeluarkan kepada pengundi tetapi tidak dimasukkan ke dalam peti undi
(D)"
Bil,No. Kod Daerah Mengundi,Nama Pusat Mengundi,Nombor Tempat Mengundi (saluran),Jumlah kertas undi yang patut berada di dalam peti undi (A),DATUK HUSAM,USTAZ FADHLI SHAARI,DATO GHANI,NASRUL ALI HASAN,Jumlah undian oleh pemilih,"Bilangan kertas undi yang ditolak
(C)","Jumlah kertas undi yang dikeluarkan kepada pengundi tetapi tidak dimasukkan ke dalam peti undi
(D)"
21,KUBANG BEMBAN 022/12/03,SEKOLAH MENENGAH KEBANGSAAN KUBANG BEMBAN,1,288,16,187,76,1,280,8,0
21,KUBANG BEMBAN 022/12/03,SEKOLAH MENENGAH KEBANGSAAN KUBANG BEMBAN,2,342,37,201,95,4,337,5,0
21,KUBANG BEMBAN 022/12/03,SEKOLAH MENENGAH KEBANGSAAN KUBANG BEMBAN,3,491,41,350,96,1,488,3,0
21,KUBANG BEMBAN 022/12/03,SEKOLAH MENENGAH KEBANGSAAN KUBANG BEMBAN,4,422,43,300,67,3,413,9,0
21,KUBANG BEMBAN 022/12/03,SEKOLAH MENENGAH KEBANGSAAN KUBANG BEMBAN,5,405,32,293,78,0,403,2,0
21,KUBANG BEMBAN 022/12/03,SEKOLAH MENENGAH KEBANGSAAN KUBANG BEMBAN,6,437,43,322,68,1,434,3,0
21,KUBANG BEMBAN 022/12/03,SEKOLAH MENENGAH KEBANGSAAN KUBANG BEMBAN,7,454,52,325,74,1,452,2,0
21,KUBANG BEMBAN 022/12/03,SEKOLAH MENENGAH KEBANGSAAN KUBANG BEMBAN,8,532,60,374,94,1,529,3,0
22,KAMPUNG BHARU 022/12/04,SEKOLAH MENENGAH KEBANGSAAN SULTAN IBRAHIM (2),1,243,43,112,83,3,241,2,0
22,KAMPUNG BHARU 022/12/04,SEKOLAH MENENGAH KEBANGSAAN SULTAN IBRAHIM (2),2,324,68,161,84,6,319,5,0
22,KAMPUNG BHARU 022/12/04,SEKOLAH MENENGAH KEBANGSAAN SULTAN IBRAHIM (2),3,397,54,246,83,8,391,6,0
22,KAMPUNG BHARU 022/12/04,SEKOLAH MENENGAH KEBANGSAAN SULTAN IBRAHIM (2),4,363,48,243,61,4,356,7,0
22,KAMPUNG BHARU 022/12/04,SEKOLAH MENENGAH KEBANGSAAN SULTAN IBRAHIM (2),5,338,47,228,54,5,334,4,0
22,KAMPUNG BHARU 022/12/04,SEKOLAH MENENGAH KEBANGSAAN SULTAN IBRAHIM (2),6,369,37,269,58,4,368,1,0
22,KAMPUNG BHARU 022/12/04,SEKOLAH MENENGAH KEBANGSAAN SULTAN IBRAHIM (2),7,442,70,300,70,2,442,0,0
23,KAMPUNG DANGAR 022/12/05,SEKOLAH KEBANGSAAN SULTAN IBRAHIM (3),1,288,35,148,96,4,283,5,0
23,KAMPUNG DANGAR 022/12/05,SEKOLAH KEBANGSAAN SULTAN IBRAHIM (3),2,328,64,181,80,1,326,2,0
23,KAMPUNG DANGAR 022/12/05,SEKOLAH KEBANGSAAN SULTAN IBRAHIM (3),3,410,70,257,79,3,409,1,0
23,KAMPUNG DANGAR 022/12/05,SEKOLAH KEBANGSAAN SULTAN IBRAHIM (3),4,357,60,240,54,0,354,3,0
23,KAMPUNG DANGAR 022/12/05,SEKOLAH KEBANGSAAN SULTAN IBRAHIM (3),5,443,79,283,70,7,439,4,0
"HELAIAN MATA (SCORE SHEET)                                                        (BORANG SPR 760 Pin. 1/99) BAHAGIAN PILIHAN RAYA NEGERI: P.022 PASIR MAS
JUMLAH PEMILIH: 94,544                                                                                                                                                                                               MUKASURAT: 6/10",KAMPUNG DANGAR 022/12/05,SEKOLAH KEBANGSAAN SULTAN IBRAHIM (3),5,443,79,283,70,7,439,4,0
Bil,No. Kod Daerah Mengundi,Nama Pusat Mengundi,Nombor Tempat Mengundi (saluran),Jumlah kertas undi yang patut berada di dalam peti undi (A),"Bilangan undian oleh pemilih bagi setiap orang calon yang bertanding
(B)",283,70,7,439,"Bilangan kertas undi yang ditolak
(C)","Jumlah kertas undi yang dikeluarkan kepada pengundi tetapi tidak dimasukkan ke dalam peti undi
(D)"
Bil,No. Kod Daerah Mengundi,Nama Pusat Mengundi,Nombor Tempat Mengundi (saluran),Jumlah kertas undi yang patut berada di dalam peti undi (A),DATUK HUSAM,USTAZ FADHLI SHAARI,DATO GHANI,NASRUL ALI HASAN,Jumlah undian oleh pemilih,"Bilangan kertas undi yang ditolak
(C)","Jumlah kertas undi yang dikeluarkan kepada pengundi tetapi tidak dimasukkan ke dalam peti undi
(D)"
24,PENGKALAN PASIR 022/12/06,SEKOLAH KEBANGSAAN DATO' ABDUL HAMID (2),1,243,35,142,57,6,240,3,0
24,PENGKALAN PASIR 022/12/06,SEKOLAH KEBANGSAAN DATO' ABDUL HAMID (2),2,331,70,176,69,10,325,6,0
24,PENGKALAN PASIR 022/12/06,SEKOLAH KEBANGSAAN DATO' ABDUL HAMID (2),3,495,91,276,107,14,488,7,0
24,PENGKALAN PASIR 022/12/06,SEKOLAH KEBANGSAAN DATO' ABDUL HAMID (2),4,455,58,320,66,11,455,0,0
24,PENGKALAN PASIR 022/12/06,SEKOLAH KEBANGSAAN DATO' ABDUL HAMID (2),5,431,67,280,68,13,428,3,0
24,PENGKALAN PASIR 022/12/06,SEKOLAH KEBANGSAAN DATO' ABDUL HAMID (2),6,501,70,321,99,8,498,3,0
25,BANDAR PASIR MAS 022/12/07,SEKOLAH KEBANGSAAN DATO' ABDUL HAMID (1),1,269,128,74,58,4,264,5,0
25,BANDAR PASIR MAS 022/12/07,SEKOLAH KEBANGSAAN DATO' ABDUL HAMID (1),2,279,107,113,55,3,278,1,0
25,BANDAR PASIR MAS 022/12/07,SEKOLAH KEBANGSAAN DATO' ABDUL HAMID (1),3,411,130,199,73,7,409,2,0
26,SLOW MACHANG 022/12/08,SEKOLAH KEBANGSAAN TANJONG CHENAK,1,289,19,196,66,3,284,5,0
26,SLOW MACHANG 022/12/08,SEKOLAH KEBANGSAAN TANJONG CHENAK,2,361,36,244,75,3,358,3,0
26,SLOW MACHANG 022/12/08,SEKOLAH KEBANGSAAN TANJONG CHENAK,3,339,38,219,75,4,336,3,0
26,SLOW MACHANG 022/12/08,SEKOLAH KEBANGSAAN TANJONG CHENAK,4,522,47,374,94,1,516,6,0
26,SLOW MACHANG 022/12/08,SEKOLAH KEBANGSAAN TANJONG CHENAK,5,473,41,344,81,4,470,3,0
26,SLOW MACHANG 022/12/08,SEKOLAH KEBANGSAAN TANJONG CHENAK,6,451,38,348,59,3,448,3,0
26,SLOW MACHANG 022/12/08,SEKOLAH KEBANGSAAN TANJONG CHENAK,7,498,38,382,73,2,495,3,0
26,SLOW MACHANG 022/12/08,SEKOLAH KEBANGSAAN TANJONG CHENAK,8,597,38,462,95,0,595,2,0
"HELAIAN MATA (SCORE SHEET)                                                        (BORANG SPR 760 Pin. 1/99) BAHAGIAN PILIHAN RAYA NEGERI: P.022 PASIR MAS
JUMLAH PEMILIH: 94,544                                                                                                                                                                                               MUKASURAT: 7/10",SLOW MACHANG 022/12/08,SEKOLAH KEBANGSAAN TANJONG CHENAK,8,597,38,462,95,0,595,2,0
Bil,No. Kod Daerah Mengundi,Nama Pusat Mengundi,Nombor Tempat Mengundi (saluran),Jumlah kertas undi yang patut berada di dalam peti undi (A),"Bilangan undian oleh pemilih bagi setiap orang calon yang bertanding
(B)",462,95,0,595,"Bilangan kertas undi yang ditolak
(C)","Jumlah kertas undi yang dikeluarkan kepada pengundi tetapi tidak dimasukkan ke dalam peti undi
(D)"
Bil,No. Kod Daerah Mengundi,Nama Pusat Mengundi,Nombor Tempat Mengundi (saluran),Jumlah kertas undi yang patut berada di dalam peti undi (A),DATUK HUSAM,USTAZ FADHLI SHAARI,DATO GHANI,NASRUL ALI HASAN,Jumlah undian oleh pemilih,"Bilangan kertas undi yang ditolak
(C)","Jumlah kertas undi yang dikeluarkan kepada pengundi tetapi tidak dimasukkan ke dalam peti undi
(D)"
27,KASA 022/12/09,SEKOLAH KEBANGSAAN MEKASAR,5,236,24,151,52,3,230,6,0
27,KASA 022/12/09,SEKOLAH KEBANGSAAN MEKASAR,6,332,66,195,59,3,323,9,0
27,KASA 022/12/09,SEKOLAH KEBANGSAAN MEKASAR,7,336,51,228,51,3,333,3,0
27,KASA 022/12/09,SEKOLAH KEBANGSAAN MEKASAR,8,477,58,338,64,8,468,9,0
27,KASA 022/12/09,SEKOLAH KEBANGSAAN MEKASAR,9,451,72,308,62,5,447,4,0
27,KASA 022/12/09,SEKOLAH KEBANGSAAN MEKASAR,10,419,51,330,34,3,418,1,0
27,KASA 022/12/09,SEKOLAH KEBANGSAAN MEKASAR,11,432,61,324,44,3,432,0,0
27,KASA 022/12/09,SEKOLAH KEBANGSAAN MEKASAR,12,472,78,333,60,1,472,0,0
27,KASA 022/12/09,SEKOLAH KEBANGSAAN MEKASAR,13,557,84,395,68,2,549,8,0
28,BANGGOL CHICHA 022/13/01,SEKOLAH KEBANGSAAN BANGGOL CHICHA,1,297,13,197,86,0,296,1,0
28,BANGGOL CHICHA 022/13/01,SEKOLAH KEBANGSAAN BANGGOL CHICHA,2,360,9,232,108,6,355,5,0
28,BANGGOL CHICHA 022/13/01,SEKOLAH KEBANGSAAN BANGGOL CHICHA,3,460,34,302,116,5,457,2,1
28,BANGGOL CHICHA 022/13/01,SEKOLAH KEBANGSAAN BANGGOL CHICHA,4,442,27,339,70,4,440,2,0
28,BANGGOL CHICHA 022/13/01,SEKOLAH KEBANGSAAN BANGGOL CHICHA,5,401,20,288,77,9,394,7,0
28,BANGGOL CHICHA 022/13/01,SEKOLAH KEBANGSAAN BANGGOL CHICHA,6,402,18,298,83,2,401,1,0
28,BANGGOL CHICHA 022/13/01,SEKOLAH KEBANGSAAN BANGGOL CHICHA,7,419,31,303,82,2,418,1,0
28,BANGGOL CHICHA 022/13/01,SEKOLAH KEBANGSAAN BANGGOL CHICHA,8,515,39,378,93,1,511,4,0
"HELAIAN MATA (SCORE SHEET)                                                        (BORANG SPR 760 Pin. 1/99) BAHAGIAN PILIHAN RAYA NEGERI: P.022 PASIR MAS
JUMLAH PEMILIH: 94,544                                                                                                                                                                                               MUKASURAT: 8/10",BANGGOL CHICHA 022/13/01,SEKOLAH KEBANGSAAN BANGGOL CHICHA,8,515,39,378,93,1,511,4,0
Bil,No. Kod Daerah Mengundi,Nama Pusat Mengundi,Nombor Tempat Mengundi (saluran),Jumlah kertas undi yang patut berada di dalam peti undi (A),"Bilangan undian oleh pemilih bagi setiap orang calon yang bertanding
(B)",378,93,1,511,"Bilangan kertas undi yang ditolak
(C)","Jumlah kertas undi yang dikeluarkan kepada pengundi tetapi tidak dimasukkan ke dalam peti undi
(D)"
Bil,No. Kod Daerah Mengundi,Nama Pusat Mengundi,Nombor Tempat Mengundi (saluran),Jumlah kertas undi yang patut berada di dalam peti undi (A),DATUK HUSAM,USTAZ FADHLI SHAARI,DATO GHANI,NASRUL ALI HASAN,Jumlah undian oleh pemilih,"Bilangan kertas undi yang ditolak
(C)","Jumlah kertas undi yang dikeluarkan kepada pengundi tetapi tidak dimasukkan ke dalam peti undi
(D)"
29,MERANTI 022/13/02,SEKOLAH KEBANGSAAN MERANTI,1,225,13,151,50,2,216,9,0
29,MERANTI 022/13/02,SEKOLAH KEBANGSAAN MERANTI,2,270,24,170,65,1,260,10,0
29,MERANTI 022/13/02,SEKOLAH KEBANGSAAN MERANTI,3,423,37,285,95,1,418,5,0
29,MERANTI 022/13/02,SEKOLAH KEBANGSAAN MERANTI,4,403,29,298,72,3,402,1,0
29,MERANTI 022/13/02,SEKOLAH KEBANGSAAN MERANTI,5,438,32,328,74,2,436,2,0
29,MERANTI 022/13/02,SEKOLAH KEBANGSAAN MERANTI,6,509,36,367,103,1,507,2,0
30,BAKONG 022/13/03,SEKOLAH KEBANGSAAN BAKONG,1,258,14,149,92,0,255,3,0
30,BAKONG 022/13/03,SEKOLAH KEBANGSAAN BAKONG,2,432,30,301,96,1,428,3,1
30,BAKONG 022/13/03,SEKOLAH KEBANGSAAN BAKONG,3,449,35,313,95,5,448,1,0
31,MERANTI KECHIL 022/13/04,SEKOLAH MENENGAH KEBANGSAAN MERANTI,1,297,13,250,29,0,292,5,0
31,MERANTI KECHIL 022/13/04,SEKOLAH MENENGAH KEBANGSAAN MERANTI,2,337,17,270,46,0,333,4,0
31,MERANTI KECHIL 022/13/04,SEKOLAH MENENGAH KEBANGSAAN MERANTI,3,296,10,246,38,1,295,1,0
31,MERANTI KECHIL 022/13/04,SEKOLAH MENENGAH KEBANGSAAN MERANTI,4,377,19,296,60,2,377,0,0
32,POHON BULOH 022/13/05,SMU (A) ISMAILIAH BINJAI MANIS,1,290,27,207,49,0,283,7,0
32,POHON BULOH 022/13/05,SMU (A) ISMAILIAH BINJAI MANIS,2,357,32,264,58,1,355,2,0
32,POHON BULOH 022/13/05,SMU (A) ISMAILIAH BINJAI MANIS,3,474,36,363,68,3,470,4,0
32,POHON BULOH 022/13/05,SMU (A) ISMAILIAH BINJAI MANIS,4,442,26,361,54,1,442,0,0
32,POHON BULOH 022/13/05,SMU (A) ISMAILIAH BINJAI MANIS,5,433,23,352,56,1,432,1,0
32,POHON BULOH 022/13/05,SMU (A) ISMAILIAH BINJAI MANIS,6,543,38,445,59,0,542,1,0
"HELAIAN MATA (SCORE SHEET)                                                        (BORANG SPR 760 Pin. 1/99) BAHAGIAN PILIHAN RAYA NEGERI: P.022 PASIR MAS
JUMLAH PEMILIH: 94,544                                                                                                                                                                                               MUKASURAT: 9/10",POHON BULOH 022/13/05,SMU (A) ISMAILIAH BINJAI MANIS,6,543,38,445,59,0,542,1,0
Bil,No. Kod Daerah Mengundi,Nama Pusat Mengundi,Nombor Tempat Mengundi (saluran),Jumlah kertas undi yang patut berada di dalam peti undi (A),"Bilangan undian oleh pemilih bagi setiap orang calon yang bertanding
(B)",445,59,0,542,"Bilangan kertas undi yang ditolak
(C)","Jumlah kertas undi yang dikeluarkan kepada pengundi tetapi tidak dimasukkan ke dalam peti undi
(D)"
Bil,No. Kod Daerah Mengundi,Nama Pusat Mengundi,Nombor Tempat Mengundi (saluran),Jumlah kertas undi yang patut berada di dalam peti undi (A),DATUK HUSAM,USTAZ FADHLI SHAARI,DATO GHANI,NASRUL ALI HASAN,Jumlah undian oleh pemilih,"Bilangan kertas undi yang ditolak
(C)","Jumlah kertas undi yang dikeluarkan kepada pengundi tetapi tidak dimasukkan ke dalam peti undi
(D)"
33,KAMPUNG LALANG 022/13/06,SEKOLAH KEBANGSAAN BAYU LALANG,1,282,12,174,82,2,270,12,0
33,KAMPUNG LALANG 022/13/06,SEKOLAH KEBANGSAAN BAYU LALANG,2,318,18,215,80,1,314,4,0
33,KAMPUNG LALANG 022/13/06,SEKOLAH KEBANGSAAN BAYU LALANG,3,362,14,279,62,2,357,5,0
34,POHON TANJONG 022/13/07,SEKOLAH KEBANGSAAN KEDAI TANJONG,1,259,13,185,50,1,249,10,0
34,POHON TANJONG 022/13/07,SEKOLAH KEBANGSAAN KEDAI TANJONG,2,314,32,213,61,2,308,6,0
34,POHON TANJONG 022/13/07,SEKOLAH KEBANGSAAN KEDAI TANJONG,3,374,26,293,53,0,372,2,0
34,POHON TANJONG 022/13/07,SEKOLAH KEBANGSAAN KEDAI TANJONG,4,357,44,258,48,1,351,6,0
34,POHON TANJONG 022/13/07,SEKOLAH KEBANGSAAN KEDAI TANJONG,5,477,61,356,56,3,476,1,0
35,KAMPUNG SIRAM 022/13/08,SMU (A) AL-FALAH SIRAM,1,251,8,173,63,0,244,7,0
35,KAMPUNG SIRAM 022/13/08,SMU (A) AL-FALAH SIRAM,2,340,23,238,72,0,333,7,0
35,KAMPUNG SIRAM 022/13/08,SMU (A) AL-FALAH SIRAM,3,325,17,257,45,2,321,4,0
35,KAMPUNG SIRAM 022/13/08,SMU (A) AL-FALAH SIRAM,4,351,16,278,55,0,349,2,0
36,JEJAWI 022/13/09,SMU (A) DINIAH KG. BONGOR,1,299,12,181,101,1,295,4,0
36,JEJAWI 022/13/09,SMU (A) DINIAH KG. BONGOR,2,366,14,273,75,2,364,2,0
36,JEJAWI 022/13/09,SMU (A) DINIAH KG. BONGOR,3,359,12,233,112,2,359,0,0
37,BANGGOL SETOL 022/13/10,SMU (A) KHAIRIAH BANGGOL SETOL,1,321,29,201,80,3,313,8,0
37,BANGGOL SETOL 022/13/10,SMU (A) KHAIRIAH BANGGOL SETOL,2,359,40,254,61,1,356,3,0
37,BANGGOL SETOL 022/13/10,SMU (A) KHAIRIAH BANGGOL SETOL,3,428,39,314,70,0,423,5,0
37,BANGGOL SETOL 022/13/10,SMU (A) KHAIRIAH BANGGOL SETOL,4,425,34,321,68,0,423,2,0
37,BANGGOL SETOL 022/13/10,SMU (A) KHAIRIAH BANGGOL SETOL,5,492,46,392,47,0,485,7,0
"HELAIAN MATA (SCORE SHEET)                                                        (BORANG SPR 760 Pin. 1/99) BAHAGIAN PILIHAN RAYA NEGERI: P.022 PASIR MAS
JUMLAH PEMILIH: 94,544                                                                                                                                                                                             MUKASURAT: 10/10",BANGGOL SETOL 022/13/10,SMU (A) KHAIRIAH BANGGOL SETOL,5,492,46,392,47,0,485,7,0
Bil,No. Kod Daerah Mengundi,Nama Pusat Mengundi,Nombor Tempat Mengundi (saluran),Jumlah kertas undi yang patut berada di dalam peti undi (A),"Bilangan undian oleh pemilih bagi setiap orang calon yang bertanding
(B)",392,47,0,485,"Bilangan kertas undi yang ditolak
(C)","Jumlah kertas undi yang dikeluarkan kepada pengundi tetapi tidak dimasukkan ke dalam peti undi
(D)"
Bil,No. Kod Daerah Mengundi,Nama Pusat Mengundi,Nombor Tempat Mengundi (saluran),Jumlah kertas undi yang patut berada di dalam peti undi (A),DATUK HUSAM,USTAZ FADHLI SHAARI,DATO GHANI,NASRUL ALI HASAN,Jumlah undian oleh pemilih,"Bilangan kertas undi yang ditolak
(C)","Jumlah kertas undi yang dikeluarkan kepada pengundi tetapi tidak dimasukkan ke dalam peti undi
(D)"
38,TOK SANGKUT 022/13/11,SEKOLAH KEBANGSAAN TOK SANGKUT,1,225,22,115,85,0,222,3,0
38,TOK SANGKUT 022/13/11,SEKOLAH KEBANGSAAN TOK SANGKUT,2,359,26,239,91,1,357,2,0
38,TOK SANGKUT 022/13/11,SEKOLAH KEBANGSAAN TOK SANGKUT,3,386,25,262,96,0,383,3,0
39,TASEK BERANGAN 022/13/12,SMU (A) RAHMANIAH REPEK,1,287,22,177,81,2,282,5,0
39,TASEK BERANGAN 022/13/12,SMU (A) RAHMANIAH REPEK,2,472,31,332,101,5,469,3,0
39,TASEK BERANGAN 022/13/12,SMU (A) RAHMANIAH REPEK,3,482,28,358,94,1,481,1,0
JUMLAH,JUMLAH,JUMLAH,169,66145,6439,44444,13727,543,65153,819,173
